Timestamp,Id,DL
1693352052.981505,0cf00400,ff ff 7f c0 12 ff ff ff
1693352052.981768,0cfedf00,93 c0 12 ff ff ff ff ff
1693352053.284818,0cf00300,ff 00 0b ff ff ff ff ff
1693352053.285059,0cf00400,ff ff 81 c0 12 ff ff ff
1693352053.285666,0cfedf00,90 c0 12 ff ff ff ff ff
1693352053.286236,0cfee900,ff ff ff ff e2 71 00 00
1693352053.286794,0cfef600,1c 1b 43 ff ff ff ff ff
1693352053.590286,0cf00400,ff ff 83 c0 12 ff ff ff
1693352053.590526,0cfedf00,91 c0 12 ff ff ff ff ff
1693352053.894473,0cf00300,ff 00 17 ff ff ff ff ff
1693352053.894893,0cf00400,ff ff 7e c0 12 ff ff ff
1693352053.895434,0cfedf00,8e c0 12 ff ff ff ff ff
1693352053.896029,0cfee900,ff ff ff ff fa 71 00 00
1693352053.896620,0cfef200,00 00 ff ff ff ff ff ff
1693352053.897384,0cfef600,13 1d 48 ff ff ff ff ff
1693352054.200523,0cf00400,ff ff 82 c0 12 ff ff ff
1693352054.200750,0cfedf00,90 c0 12 ff ff ff ff ff
1693352054.504655,0cf00300,ff 00 16 ff ff ff ff ff
1693352054.504967,0cf00400,ff ff 81 c0 12 ff ff ff
1693352054.505512,0cfedf00,8d c0 12 ff ff ff ff ff
1693352054.506095,0cfee900,ff ff ff ff 12 72 00 00
1693352054.506655,0cfef600,15 1b 43 ff ff ff ff ff
1693352054.810040,0cf00400,ff ff 80 c0 12 ff ff ff
1693352054.810320,0cfedf00,93 c0 12 ff ff ff ff ff
1693352055.114198,0cf00300,ff 00 0c ff ff ff ff ff
1693352055.114461,0cf00400,ff ff 81 c0 12 ff ff ff
1693352055.115073,0cfedf00,8d c0 12 ff ff ff ff ff
1693352055.115625,0cfee900,ff ff ff ff 2a 72 00 00
1693352055.116241,0cfef200,00 00 ff ff ff ff ff ff
1693352055.116796,0cfef600,14 16 47 ff ff ff ff ff
1693352055.420013,0cf00400,ff ff 82 c0 12 ff ff ff
1693352055.420296,0cfedf00,8f c0 12 ff ff ff ff ff
1693352055.724232,0cf00300,ff 00 18 ff ff ff ff ff
1693352055.724504,0cf00400,ff ff 86 c0 12 ff ff ff
1693352055.725127,0cfedf00,8f c0 12 ff ff ff ff ff
1693352055.725666,0cfee900,ff ff ff ff 42 72 00 00
1693352055.726250,0cfeee00,36 63 60 26 ff ff ff ff
1693352055.726825,0cfeef00,1b ff ff 18 ff ff ff 84
1693352055.727393,0cfef600,1f 15 45 ff ff ff ff ff
1693352056.030280,0cf00400,ff ff 86 c0 12 ff ff ff
1693352056.030562,0cfedf00,93 c0 12 ff ff ff ff ff
1693352056.334539,0cf00300,ff 00 0e ff ff ff ff ff
1693352056.334961,0cf00400,ff ff 7e c0 12 ff ff ff
1693352056.335517,0cfedf00,95 c0 12 ff ff ff ff ff
1693352056.336090,0cfee900,ff ff ff ff 5a 72 00 00
1693352056.336677,0cfef200,00 00 ff ff ff ff ff ff
1693352056.337353,0cfef600,11 20 42 ff ff ff ff ff
1693352056.640351,0cf00400,ff ff 81 c0 12 ff ff ff
1693352056.640685,0cfedf00,8c c0 12 ff ff ff ff ff
1693352056.944005,0cf00300,ff 00 1a ff ff ff ff ff
1693352056.944423,0cf00400,ff ff 82 c0 12 ff ff ff
1693352056.944997,0cfedf00,93 c0 12 ff ff ff ff ff
1693352056.945564,0cfee900,ff ff ff ff 72 72 00 00
1693352056.946157,0cfef600,16 12 49 ff ff ff ff ff
1693352057.247129,0cf00400,ff ff 83 c0 12 ff ff ff
1693352057.247409,0cfedf00,96 c0 12 ff ff ff ff ff
1693352057.549671,0cf00300,ff 00 15 ff ff ff ff ff
1693352057.550009,0cf00400,ff ff 83 c0 12 ff ff ff
1693352057.550541,0cfedf00,8d c0 12 ff ff ff ff ff
1693352057.551125,0cfee900,ff ff ff ff 8a 72 00 00
1693352057.551706,0cfef200,00 00 ff ff ff ff ff ff
1693352057.552294,0cfef600,1a 1c 44 ff ff ff ff ff
1693352305.040916,0cf00400,ff ff 7f c0 12 ff ff ff
1693352305.041251,0cfedf00,94 c0 12 ff ff ff ff ff
1693352305.344316,0cf00300,ff 00 11 ff ff ff ff ff
1693352305.344614,0cf00400,ff ff 88 c0 12 ff ff ff
1693352305.345424,0cfedf00,96 c0 12 ff ff ff ff ff
1693352305.346048,0cfee900,ff ff ff ff e2 71 00 00
1693352305.346413,0cfef600,13 1e 48 ff ff ff ff ff
1693352305.649394,0cf00400,ff ff 7f c0 12 ff ff ff
1693352305.649973,0cfedf00,91 c0 12 ff ff ff ff ff
1693352305.953712,0cf00300,ff 00 16 ff ff ff ff ff
1693352305.954254,0cf00400,ff ff 7f c0 12 ff ff ff
1693352305.954768,0cfedf00,91 c0 12 ff ff ff ff ff
1693352305.955349,0cfee900,ff ff ff ff fa 71 00 00
1693352305.955914,0cfef200,00 00 ff ff ff ff ff ff
1693352305.956509,0cfef600,1b 1c 41 ff ff ff ff ff
1693352306.259730,0cf00400,ff ff 7f c0 12 ff ff ff
1693352306.260073,0cfedf00,94 c0 12 ff ff ff ff ff
1693352306.563843,0cf00300,ff 00 1c ff ff ff ff ff
1693352306.564243,0cf00400,ff ff 80 c0 12 ff ff ff
1693352306.564823,0cfedf00,92 c0 12 ff ff ff ff ff
1693352306.565518,0cfee900,ff ff ff ff 12 72 00 00
1693352306.565974,0cfef600,16 1b 46 ff ff ff ff ff
1693352306.869365,0cf00400,ff ff 80 c0 12 ff ff ff
1693352306.869631,0cfedf00,8c c0 12 ff ff ff ff ff
1693352307.173471,0cf00300,ff 00 17 ff ff ff ff ff
1693352307.173746,0cf00400,ff ff 85 c0 12 ff ff ff
1693352307.174344,0cfedf00,91 c0 12 ff ff ff ff ff
1693352307.174900,0cfee900,ff ff ff ff 2a 72 00 00
1693352307.175493,0cfef200,00 00 ff ff ff ff ff ff
1693352307.176073,0cfef600,1e 18 47 ff ff ff ff ff
1693352307.479268,0cf00400,ff ff 82 c0 12 ff ff ff
1693352307.479592,0cfedf00,94 c0 12 ff ff ff ff ff
1693352307.783488,0cf00300,ff 00 1c ff ff ff ff ff
1693352307.783751,0cf00400,ff ff 7e c0 12 ff ff ff
1693352307.784373,0cfedf00,91 c0 12 ff ff ff ff ff
1693352307.784919,0cfee900,ff ff ff ff 42 72 00 00
1693352307.785487,0cfeee00,24 76 80 26 ff ff ff ff
1693352307.786092,0cfeef00,22 ff ff 1a ff ff ff 84
1693352307.786648,0cfef600,15 14 4b ff ff ff ff ff
1693352308.089952,0cf00400,ff ff 86 c0 12 ff ff ff
1693352308.090288,0cfedf00,8d c0 12 ff ff ff ff ff
1693352308.394703,0cf00300,ff 00 0a ff ff ff ff ff
1693352308.395024,0cf00400,ff ff 81 c0 12 ff ff ff
1693352308.395574,0cfedf00,8d c0 12 ff ff ff ff ff
1693352308.396148,0cfee900,ff ff ff ff 5a 72 00 00
1693352308.396736,0cfef200,00 00 ff ff ff ff ff ff
1693352308.397365,0cfef600,12 13 48 ff ff ff ff ff
1693352308.701677,0cf00400,ff ff 84 c0 12 ff ff ff
1693352308.701913,0cfedf00,8d c0 12 ff ff ff ff ff
1693352309.006127,0cf00300,ff 00 15 ff ff ff ff ff
1693352309.006371,0cf00400,ff ff 86 c0 12 ff ff ff
1693352309.006999,0cfedf00,8f c0 12 ff ff ff ff ff
1693352309.007545,0cfee900,ff ff ff ff 72 72 00 00
1693352309.008142,0cfef600,20 17 46 ff ff ff ff ff
1693352309.311535,0cf00400,ff ff 82 c0 12 ff ff ff
1693352309.311810,0cfedf00,95 c0 12 ff ff ff ff ff
1693352309.618741,0cf00300,ff 00 16 ff ff ff ff ff
1693352309.619129,0cf00400,ff ff 83 c0 12 ff ff ff
1693352309.619687,0cfedf00,95 c0 12 ff ff ff ff ff
1693352309.620272,0cfee900,ff ff ff ff 8a 72 00 00
1693352309.620865,0cfef200,00 00 ff ff ff ff ff ff
1693352309.621510,0cfef600,1a 20 49 ff ff ff ff ff
1693352309.924825,0cf00400,ff ff 86 c0 12 ff ff ff
1693352309.925105,0cfedf00,94 c0 12 ff ff ff ff ff
1693352310.229172,0cf00300,ff 00 0f ff ff ff ff ff
1693352310.229419,0cf00400,ff ff 86 c0 12 ff ff ff
1693352310.230037,0cfedf00,96 c0 12 ff ff ff ff ff
1693352310.230589,0cfee900,ff ff ff ff a2 72 00 00
1693352310.231169,0cfef600,14 1f 41 ff ff ff ff ff
1693352310.534601,0cf00400,ff ff 88 c0 12 ff ff ff
1693352310.534875,0cfedf00,8d c0 12 ff ff ff ff ff
1693352310.838905,0cf00300,ff 00 1c ff ff ff ff ff
1693352310.839182,0cf00400,ff ff 88 c0 12 ff ff ff
1693352310.839760,0cfedf00,92 c0 12 ff ff ff ff ff
1693352310.840331,0cfee900,ff ff ff ff ba 72 00 00
1693352310.840909,0cfeee00,2b 53 00 27 ff ff ff ff
1693352310.841509,0cfeef00,19 ff ff 16 ff ff ff 8c
1693352310.842072,0cfef200,00 00 ff ff ff ff ff ff
1693352310.842655,0cfef500,d0 ff ff ff ff ff ff ff
1693352310.843217,0cfef600,15 1f 4b ff ff ff ff ff
1693352311.145946,0cf00400,ff ff 81 c0 12 ff ff ff
1693352311.146218,0cfedf00,90 c0 12 ff ff ff ff ff
1693352311.450669,0cf00300,ff 00 1c ff ff ff ff ff
1693352311.451050,0cf00400,ff ff 86 c0 12 ff ff ff
1693352311.451646,0cfedf00,8d c0 12 ff ff ff ff ff
1693352311.452203,0cfee900,ff ff ff ff d2 72 00 00
1693352311.452791,0cfef600,18 1f 4a ff ff ff ff ff
1693352311.756356,0cf00400,ff ff 83 c0 12 ff ff ff
1693352311.756634,0cfedf00,8d c0 12 ff ff ff ff ff
1693352312.060532,0cf00300,ff 00 0a ff ff ff ff ff
1693352312.060802,0cf00400,ff ff 82 c0 12 ff ff ff
1693352312.061510,0cfedf00,8e c0 12 ff ff ff ff ff
1693352312.061962,0cfee900,ff ff ff ff ea 72 00 00
1693352312.062542,0cfef200,00 00 ff ff ff ff ff ff
1693352312.063153,0cfef600,17 14 47 ff ff ff ff ff
1693352312.366502,0cf00400,ff ff 7e c0 12 ff ff ff
1693352312.366830,0cfedf00,8f c0 12 ff ff ff ff ff
1693352312.670990,0cf00300,ff 00 1e ff ff ff ff ff
1693352312.671258,0cf00400,ff ff 87 c0 12 ff ff ff
1693352312.671874,0cfedf00,8e c0 12 ff ff ff ff ff
1693352312.672425,0cfee900,ff ff ff ff 02 73 00 00
1693352312.672996,0cfef600,1b 15 43 ff ff ff ff ff
1693352312.976460,0cf00400,ff ff 81 c0 12 ff ff ff
1693352312.976684,0cfedf00,95 c0 12 ff ff ff ff ff
1693352313.282787,0cf00300,ff 00 0e ff ff ff ff ff
1693352313.283048,0cf00400,ff ff 85 c0 12 ff ff ff
1693352313.283662,0cfedf00,94 c0 12 ff ff ff ff ff
1693352313.284222,0cfee900,ff ff ff ff 1a 73 00 00
1693352313.284801,0cfef200,00 00 ff ff ff ff ff ff
1693352313.285370,0cfef600,1d 1d 49 ff ff ff ff ff
1693352313.589468,0cf00400,ff ff 85 c0 12 ff ff ff
1693352313.589975,0cfedf00,8d c0 12 ff ff ff ff ff
1693352313.894563,0cf00300,ff 00 12 ff ff ff ff ff
1693352313.895007,0cf00400,ff ff 81 c0 12 ff ff ff
1693352313.895581,0cfedf00,8f c0 12 ff ff ff ff ff
1693352313.896180,0cfee900,ff ff ff ff 32 73 00 00
1693352313.896736,0cfeee00,57 8c 20 27 ff ff ff ff
1693352313.897392,0cfeef00,1a ff ff 18 ff ff ff 93
1693352313.897900,0cfef600,1d 1d 4a ff ff ff ff ff
1693352314.201579,0cf00400,ff ff 80 c0 12 ff ff ff
1693352314.202177,0cfedf00,8f c0 12 ff ff ff ff ff
1693352314.506390,0cf00300,ff 00 14 ff ff ff ff ff
1693352314.506666,0cf00400,ff ff 81 c0 12 ff ff ff
1693352314.507289,0cfedf00,8e c0 12 ff ff ff ff ff
1693352314.507836,0cfee900,ff ff ff ff 4a 73 00 00
1693352314.508419,0cfef200,00 00 ff ff ff ff ff ff
1693352314.509004,0cfef600,14 19 47 ff ff ff ff ff
1693352314.812891,0cf00400,ff ff 83 c0 12 ff ff ff
1693352314.813332,0cfedf00,91 c0 12 ff ff ff ff ff
1693352315.117401,0cf00300,ff 00 15 ff ff ff ff ff
1693352315.117553,0cf00400,ff ff 82 c0 12 ff ff ff
1693352315.118217,0cfedf00,91 c0 12 ff ff ff ff ff
1693352315.118735,0cfee900,ff ff ff ff 62 73 00 00
1693352315.119307,0cfef600,1d 16 4b ff ff ff ff ff
1693352315.422679,0cf00400,ff ff 82 c0 12 ff ff ff
1693352315.422960,0cfedf00,92 c0 12 ff ff ff ff ff
1693352315.726854,0cf00300,ff 00 14 ff ff ff ff ff
1693352315.727206,0cf00400,ff ff 85 c0 12 ff ff ff
1693352315.727713,0cfedf00,8d c0 12 ff ff ff ff ff
1693352315.728279,0cfee900,ff ff ff ff 7a 73 00 00
1693352315.728861,0cfef200,00 00 ff ff ff ff ff ff
1693352315.729510,0cfef600,14 1f 45 ff ff ff ff ff
1693352372.234206,0cf00400,ff ff 7f c0 12 ff ff ff
1693352372.234543,0cfedf00,96 c0 12 ff ff ff ff ff
1693352372.537635,0cf00300,ff 00 0c ff ff ff ff ff
1693352372.538134,0cf00400,ff ff 86 c0 12 ff ff ff
1693352372.538835,0cfedf00,8f c0 12 ff ff ff ff ff
1693352372.539851,0cfee900,ff ff ff ff e2 71 00 00
1693352372.540237,0cfef600,1f 17 48 ff ff ff ff ff
1693352372.844454,0cf00400,ff ff 7f c0 12 ff ff ff
1693352372.845337,0cfedf00,8e c0 12 ff ff ff ff ff
1693352373.149563,0cf00300,ff 00 1d ff ff ff ff ff
1693352373.150326,0cf00400,ff ff 7e c0 12 ff ff ff
1693352373.150537,0cfedf00,92 c0 12 ff ff ff ff ff
1693352373.151474,0cfee900,ff ff ff ff fa 71 00 00
1693352373.152193,0cfef200,00 00 ff ff ff ff ff ff
1693352373.152832,0cfef600,17 1a 42 ff ff ff ff ff
1693352373.456706,0cf00400,ff ff 86 c0 12 ff ff ff
1693352373.457377,0cfedf00,95 c0 12 ff ff ff ff ff
1693352373.761662,0cf00300,ff 00 0a ff ff ff ff ff
1693352373.762020,0cf00400,ff ff 82 c0 12 ff ff ff
1693352373.762623,0cfedf00,90 c0 12 ff ff ff ff ff
1693352373.763191,0cfee900,ff ff ff ff 12 72 00 00
1693352373.763878,0cfef600,18 15 42 ff ff ff ff ff
1693352374.068084,0cf00400,ff ff 80 c0 12 ff ff ff
1693352374.068500,0cfedf00,8d c0 12 ff ff ff ff ff
1693352374.373079,0cf00300,ff 00 0c ff ff ff ff ff
1693352374.373423,0cf00400,ff ff 86 c0 12 ff ff ff
1693352374.374094,0cfedf00,96 c0 12 ff ff ff ff ff
1693352374.374694,0cfee900,ff ff ff ff 2a 72 00 00
1693352374.375285,0cfef200,00 00 ff ff ff ff ff ff
1693352374.375864,0cfef600,13 12 45 ff ff ff ff ff
1693352374.680069,0cf00400,ff ff 87 c0 12 ff ff ff
1693352374.680448,0cfedf00,90 c0 12 ff ff ff ff ff
1693352374.984762,0cf00300,ff 00 12 ff ff ff ff ff
1693352374.985162,0cf00400,ff ff 88 c0 12 ff ff ff
1693352374.985778,0cfedf00,93 c0 12 ff ff ff ff ff
1693352374.986374,0cfee900,ff ff ff ff 42 72 00 00
1693352374.987020,0cfeee00,51 71 20 28 ff ff ff ff
1693352374.987664,0cfeef00,17 ff ff 16 ff ff ff 84
1693352374.988319,0cfef600,20 16 45 ff ff ff ff ff
1693352375.292610,0cf00400,ff ff 84 c0 12 ff ff ff
1693352375.293003,0cfedf00,95 c0 12 ff ff ff ff ff
1693352375.597241,0cf00300,ff 00 1c ff ff ff ff ff
1693352375.597656,0cf00400,ff ff 86 c0 12 ff ff ff
1693352375.598257,0cfedf00,8e c0 12 ff ff ff ff ff
1693352375.598844,0cfee900,ff ff ff ff 5a 72 00 00
1693352375.599430,0cfef200,00 00 ff ff ff ff ff ff
1693352375.600019,0cfef600,1e 13 4a ff ff ff ff ff
1693352375.904249,0cf00400,ff ff 84 c0 12 ff ff ff
1693352375.904644,0cfedf00,8c c0 12 ff ff ff ff ff
1693352376.208931,0cf00300,ff 00 18 ff ff ff ff ff
1693352376.209340,0cf00400,ff ff 7f c0 12 ff ff ff
1693352376.209957,0cfedf00,92 c0 12 ff ff ff ff ff
1693352376.210537,0cfee900,ff ff ff ff 72 72 00 00
1693352376.211323,0cfef600,1b 19 4b ff ff ff ff ff
1693352376.515675,0cf00400,ff ff 86 c0 12 ff ff ff
1693352376.516135,0cfedf00,8c c0 12 ff ff ff ff ff
1693352376.820286,0cf00300,ff 00 1b ff ff ff ff ff
1693352376.820552,0cf00400,ff ff 84 c0 12 ff ff ff
1693352376.821641,0cfedf00,96 c0 12 ff ff ff ff ff
1693352376.822182,0cfee900,ff ff ff ff 8a 72 00 00
1693352376.822791,0cfef200,00 00 ff ff ff ff ff ff
1693352376.823386,0cfef600,13 1c 45 ff ff ff ff ff
1693352377.127626,0cf00400,ff ff 7e c0 12 ff ff ff
1693352377.127897,0cfedf00,94 c0 12 ff ff ff ff ff
1693352377.431961,0cf00300,ff 00 13 ff ff ff ff ff
1693352377.432289,0cf00400,ff ff 81 c0 12 ff ff ff
1693352377.432841,0cfedf00,92 c0 12 ff ff ff ff ff
1693352377.433442,0cfee900,ff ff ff ff a2 72 00 00
1693352377.433976,0cfef600,12 13 44 ff ff ff ff ff
1693352377.738523,0cf00400,ff ff 88 c0 12 ff ff ff
1693352377.738935,0cfedf00,8c c0 12 ff ff ff ff ff
1693352378.043153,0cf00300,ff 00 1d ff ff ff ff ff
1693352378.043421,0cf00400,ff ff 83 c0 12 ff ff ff
1693352378.043971,0cfedf00,8d c0 12 ff ff ff ff ff
1693352378.044521,0cfee900,ff ff ff ff ba 72 00 00
1693352378.045151,0cfeee00,38 59 e0 25 ff ff ff ff
1693352378.045644,0cfeef00,17 ff ff 1b ff ff ff 8c
1693352378.046244,0cfef200,00 00 ff ff ff ff ff ff
1693352378.046822,0cfef500,d0 ff ff ff ff ff ff ff
1693352378.047405,0cfef600,17 1a 41 ff ff ff ff ff
1693352378.351154,0cf00400,ff ff 80 c0 12 ff ff ff
1693352378.351476,0cfedf00,8f c0 12 ff ff ff ff ff
1693352378.655589,0cf00300,ff 00 19 ff ff ff ff ff
1693352378.655905,0cf00400,ff ff 85 c0 12 ff ff ff
1693352378.656464,0cfedf00,91 c0 12 ff ff ff ff ff
1693352378.657042,0cfee900,ff ff ff ff d2 72 00 00
1693352378.657622,0cfef600,13 1b 49 ff ff ff ff ff
1693352378.961563,0cf00400,ff ff 7e c0 12 ff ff ff
1693352378.961704,0cfedf00,95 c0 12 ff ff ff ff ff
1693352379.265536,0cf00300,ff 00 15 ff ff ff ff ff
1693352379.266908,0cf00400,ff ff 80 c0 12 ff ff ff
1693352379.267295,0cfedf00,90 c0 12 ff ff ff ff ff
1693352379.268059,0cfee900,ff ff ff ff ea 72 00 00
1693352379.268267,0cfef200,00 00 ff ff ff ff ff ff
1693352379.269246,0cfef600,14 12 4a ff ff ff ff ff
1693352379.572878,0cf00400,ff ff 88 c0 12 ff ff ff
1693352379.573206,0cfedf00,96 c0 12 ff ff ff ff ff
1693352379.877017,0cf00300,ff 00 1e ff ff ff ff ff
1693352379.877547,0cf00400,ff ff 87 c0 12 ff ff ff
1693352379.878099,0cfedf00,90 c0 12 ff ff ff ff ff
1693352379.878692,0cfee900,ff ff ff ff 02 73 00 00
1693352379.879255,0cfef600,1f 15 47 ff ff ff ff ff
1693352380.183336,0cf00400,ff ff 88 c0 12 ff ff ff
1693352380.183608,0cfedf00,8e c0 12 ff ff ff ff ff
1693352380.487657,0cf00300,ff 00 0e ff ff ff ff ff
1693352380.487977,0cf00400,ff ff 86 c0 12 ff ff ff
1693352380.488535,0cfedf00,96 c0 12 ff ff ff ff ff
1693352380.489120,0cfee900,ff ff ff ff 1a 73 00 00
1693352380.489708,0cfef200,00 00 ff ff ff ff ff ff
1693352380.490278,0cfef600,1c 15 46 ff ff ff ff ff
1693352380.794065,0cf00400,ff ff 85 c0 12 ff ff ff
1693352380.794357,0cfedf00,91 c0 12 ff ff ff ff ff
1693352381.098486,0cf00300,ff 00 12 ff ff ff ff ff
1693352381.098692,0cf00400,ff ff 87 c0 12 ff ff ff
1693352381.099297,0cfedf00,8f c0 12 ff ff ff ff ff
1693352381.099877,0cfee900,ff ff ff ff 32 73 00 00
1693352381.100450,0cfeee00,24 86 40 28 ff ff ff ff
1693352381.101029,0cfeef00,19 ff ff 1a ff ff ff 93
1693352381.101610,0cfef600,1f 11 46 ff ff ff ff ff
1693352381.405348,0cf00400,ff ff 82 c0 12 ff ff ff
1693352381.405616,0cfedf00,95 c0 12 ff ff ff ff ff
1693352381.709675,0cf00300,ff 00 1a ff ff ff ff ff
1693352381.710075,0cf00400,ff ff 84 c0 12 ff ff ff
1693352381.710636,0cfedf00,94 c0 12 ff ff ff ff ff
1693352381.711227,0cfee900,ff ff ff ff 4a 73 00 00
1693352381.711798,0cfef200,00 00 ff ff ff ff ff ff
1693352381.712365,0cfef600,1d 1e 45 ff ff ff ff ff
1693352382.016507,0cf00400,ff ff 7f c0 12 ff ff ff
1693352382.016740,0cfedf00,95 c0 12 ff ff ff ff ff
1693352382.320904,0cf00300,ff 00 15 ff ff ff ff ff
1693352382.321351,0cf00400,ff ff 85 c0 12 ff ff ff
1693352382.321965,0cfedf00,92 c0 12 ff ff ff ff ff
1693352382.322513,0cfee900,ff ff ff ff 62 73 00 00
1693352382.323095,0cfef600,18 16 44 ff ff ff ff ff
1693352382.627183,0cf00400,ff ff 87 c0 12 ff ff ff
1693352382.627595,0cfedf00,94 c0 12 ff ff ff ff ff
1693352382.931715,0cf00300,ff 00 15 ff ff ff ff ff
1693352382.931989,0cf00400,ff ff 86 c0 12 ff ff ff
1693352382.932596,0cfedf00,95 c0 12 ff ff ff ff ff
1693352382.933360,0cfee900,ff ff ff ff 7a 73 00 00
1693352382.933808,0cfef200,00 00 ff ff ff ff ff ff
1693352382.934461,0cfef600,16 15 44 ff ff ff ff ff
1693352383.238724,0cf00400,ff ff 83 c0 12 ff ff ff
1693352383.239056,0cfedf00,94 c0 12 ff ff ff ff ff
1693352419.002616,0cf00400,ff ff 84 c0 12 ff ff ff
1693352419.002774,0cfedf00,94 c0 12 ff ff ff ff ff
1693352419.305107,0cf00300,ff 00 1e ff ff ff ff ff
1693352419.305354,0cf00400,ff ff 80 c0 12 ff ff ff
1693352419.305945,0cfedf00,8e c0 12 ff ff ff ff ff
1693352419.306507,0cfee900,ff ff ff ff e2 71 00 00
1693352419.307086,0cfef600,20 19 44 ff ff ff ff ff
1693352419.608245,0cf00400,ff ff 86 c0 12 ff ff ff
1693352419.608569,0cfedf00,94 c0 12 ff ff ff ff ff
1693352419.911911,0cf00300,ff 00 0a ff ff ff ff ff
1693352419.912168,0cf00400,ff ff 7e c0 12 ff ff ff
1693352419.912714,0cfedf00,8e c0 12 ff ff ff ff ff
1693352419.913343,0cfee900,ff ff ff ff fa 71 00 00
1693352419.913844,0cfef200,00 00 ff ff ff ff ff ff
1693352419.914408,0cfef600,12 1d 4a ff ff ff ff ff
1693352420.217579,0cf00400,ff ff 86 c0 12 ff ff ff
1693352420.217872,0cfedf00,94 c0 12 ff ff ff ff ff
1693352420.521688,0cf00300,ff 00 0e ff ff ff ff ff
1693352420.522026,0cf00400,ff ff 7f c0 12 ff ff ff
1693352420.522605,0cfedf00,91 c0 12 ff ff ff ff ff
1693352420.523175,0cfee900,ff ff ff ff 12 72 00 00
1693352420.523795,0cfef600,19 1e 43 ff ff ff ff ff
1693352420.827837,0cf00400,ff ff 82 c0 12 ff ff ff
1693352420.828097,0cfedf00,8d c0 12 ff ff ff ff ff
1693352421.131808,0cf00300,ff 00 1d ff ff ff ff ff
1693352421.132174,0cf00400,ff ff 85 c0 12 ff ff ff
1693352421.132787,0cfedf00,8e c0 12 ff ff ff ff ff
1693352421.133326,0cfee900,ff ff ff ff 2a 72 00 00
1693352421.133911,0cfef200,00 00 ff ff ff ff ff ff
1693352421.134485,0cfef600,1f 20 4b ff ff ff ff ff
1693352421.437524,0cf00400,ff ff 7e c0 12 ff ff ff
1693352421.438051,0cfedf00,95 c0 12 ff ff ff ff ff
1693352421.743110,0cf00300,ff 00 10 ff ff ff ff ff
1693352421.743336,0cf00400,ff ff 83 c0 12 ff ff ff
1693352421.743968,0cfedf00,93 c0 12 ff ff ff ff ff
1693352421.744516,0cfee900,ff ff ff ff 42 72 00 00
1693352421.745100,0cfeee00,4e 87 20 26 ff ff ff ff
1693352421.745641,0cfeef00,1d ff ff 16 ff ff ff 84
1693352421.746243,0cfef600,14 12 4b ff ff ff ff ff
1693352422.049122,0cf00400,ff ff 7f c0 12 ff ff ff
1693352422.049353,0cfedf00,96 c0 12 ff ff ff ff ff
1693352422.353252,0cf00300,ff 00 18 ff ff ff ff ff
1693352422.353523,0cf00400,ff ff 86 c0 12 ff ff ff
1693352422.354142,0cfedf00,8d c0 12 ff ff ff ff ff
1693352422.354676,0cfee900,ff ff ff ff 5a 72 00 00
1693352422.355263,0cfef200,00 00 ff ff ff ff ff ff
1693352422.355854,0cfef600,16 1f 49 ff ff ff ff ff
1693352422.659123,0cf00400,ff ff 84 c0 12 ff ff ff
1693352422.659323,0cfedf00,91 c0 12 ff ff ff ff ff
1693352422.963291,0cf00300,ff 00 18 ff ff ff ff ff
1693352422.963563,0cf00400,ff ff 84 c0 12 ff ff ff
1693352422.964178,0cfedf00,91 c0 12 ff ff ff ff ff
1693352422.964727,0cfee900,ff ff ff ff 72 72 00 00
1693352422.965373,0cfef600,18 1b 47 ff ff ff ff ff
1693352423.268661,0cf00400,ff ff 80 c0 12 ff ff ff
1693352423.268925,0cfedf00,92 c0 12 ff ff ff ff ff
1693352423.572549,0cf00300,ff 00 1e ff ff ff ff ff
1693352423.573106,0cf00400,ff ff 84 c0 12 ff ff ff
1693352423.573684,0cfedf00,90 c0 12 ff ff ff ff ff
1693352423.574254,0cfee900,ff ff ff ff 8a 72 00 00
1693352423.574850,0cfef200,00 00 ff ff ff ff ff ff
1693352423.575401,0cfef600,13 19 4a ff ff ff ff ff
1693352423.878546,0cf00400,ff ff 87 c0 12 ff ff ff
1693352423.878825,0cfedf00,94 c0 12 ff ff ff ff ff
1693352424.182600,0cf00300,ff 00 1b ff ff ff ff ff
1693352424.183098,0cf00400,ff ff 87 c0 12 ff ff ff
1693352424.183667,0cfedf00,8f c0 12 ff ff ff ff ff
1693352424.184225,0cfee900,ff ff ff ff a2 72 00 00
1693352424.184848,0cfef600,13 19 42 ff ff ff ff ff
1693352424.488322,0cf00400,ff ff 7e c0 12 ff ff ff
1693352424.488591,0cfedf00,90 c0 12 ff ff ff ff ff
1693352424.792408,0cf00300,ff 00 1e ff ff ff ff ff
1693352424.792673,0cf00400,ff ff 81 c0 12 ff ff ff
1693352424.793371,0cfedf00,8f c0 12 ff ff ff ff ff
1693352424.793855,0cfee900,ff ff ff ff ba 72 00 00
1693352424.794432,0cfeee00,30 59 40 27 ff ff ff ff
1693352424.794994,0cfeef00,17 ff ff 19 ff ff ff 8c
1693352424.795588,0cfef200,00 00 ff ff ff ff ff ff
1693352424.796164,0cfef500,d0 ff ff ff ff ff ff ff
1693352424.796741,0cfef600,1c 12 48 ff ff ff ff ff
1693352425.099137,0cf00400,ff ff 87 c0 12 ff ff ff
1693352425.099731,0cfedf00,8e c0 12 ff ff ff ff ff
1693352425.403509,0cf00300,ff 00 0d ff ff ff ff ff
1693352425.403871,0cf00400,ff ff 82 c0 12 ff ff ff
1693352425.404385,0cfedf00,93 c0 12 ff ff ff ff ff
1693352425.404969,0cfee900,ff ff ff ff d2 72 00 00
1693352425.405531,0cfef600,16 16 45 ff ff ff ff ff
1693352425.708829,0cf00400,ff ff 81 c0 12 ff ff ff
1693352425.709154,0cfedf00,90 c0 12 ff ff ff ff ff
1693352426.012919,0cf00300,ff 00 16 ff ff ff ff ff
1693352426.013203,0cf00400,ff ff 85 c0 12 ff ff ff
1693352426.013810,0cfedf00,92 c0 12 ff ff ff ff ff
1693352426.014362,0cfee900,ff ff ff ff ea 72 00 00
1693352426.014951,0cfef200,00 00 ff ff ff ff ff ff
1693352426.015543,0cfef600,18 15 4b ff ff ff ff ff
1693352426.318734,0cf00400,ff ff 7e c0 12 ff ff ff
1693352426.319003,0cfedf00,8d c0 12 ff ff ff ff ff
1693352426.622891,0cf00300,ff 00 10 ff ff ff ff ff
1693352426.623061,0cf00400,ff ff 82 c0 12 ff ff ff
1693352426.623695,0cfedf00,8f c0 12 ff ff ff ff ff
1693352426.624255,0cfee900,ff ff ff ff 02 73 00 00
1693352426.624885,0cfef600,1f 19 49 ff ff ff ff ff
1693352426.928314,0cf00400,ff ff 85 c0 12 ff ff ff
1693352426.928475,0cfedf00,96 c0 12 ff ff ff ff ff
1693352427.232521,0cf00300,ff 00 0e ff ff ff ff ff
1693352427.232784,0cf00400,ff ff 87 c0 12 ff ff ff
1693352427.233339,0cfedf00,8f c0 12 ff ff ff ff ff
1693352427.233886,0cfee900,ff ff ff ff 1a 73 00 00
1693352427.234481,0cfef200,00 00 ff ff ff ff ff ff
1693352427.235055,0cfef600,11 17 46 ff ff ff ff ff
1693352427.538295,0cf00400,ff ff 87 c0 12 ff ff ff
1693352427.538428,0cfedf00,90 c0 12 ff ff ff ff ff
1693352427.842516,0cf00300,ff 00 11 ff ff ff ff ff
1693352427.843263,0cf00400,ff ff 83 c0 12 ff ff ff
1693352427.844482,0cfedf00,91 c0 12 ff ff ff ff ff
1693352427.845538,0cfee900,ff ff ff ff 32 73 00 00
1693352427.846699,0cfeee00,2d 66 40 26 ff ff ff ff
1693352427.847656,0cfeef00,23 ff ff 17 ff ff ff 93
1693352427.848966,0cfef600,12 19 42 ff ff ff ff ff
1693352428.153094,0cf00400,ff ff 87 c0 12 ff ff ff
1693352428.153395,0cfedf00,93 c0 12 ff ff ff ff ff
1693352428.458060,0cf00300,ff 00 16 ff ff ff ff ff
1693352428.458712,0cf00400,ff ff 7e c0 12 ff ff ff
1693352428.459620,0cfedf00,90 c0 12 ff ff ff ff ff
1693352428.460541,0cfee900,ff ff ff ff 4a 73 00 00
1693352428.461528,0cfef200,00 00 ff ff ff ff ff ff
1693352428.462312,0cfef600,1f 18 43 ff ff ff ff ff
1693352428.766991,0cf00400,ff ff 7e c0 12 ff ff ff
1693352428.767650,0cfedf00,93 c0 12 ff ff ff ff ff
1693352429.072406,0cf00300,ff 00 1c ff ff ff ff ff
1693352429.073106,0cf00400,ff ff 7f c0 12 ff ff ff
1693352429.074030,0cfedf00,91 c0 12 ff ff ff ff ff
1693352429.074935,0cfee900,ff ff ff ff 62 73 00 00
1693352429.075833,0cfef600,17 1c 47 ff ff ff ff ff
1693352595.621178,0cf00400,ff ff 84 c0 12 ff ff ff
1693352595.621450,0cfedf00,93 c0 12 ff ff ff ff ff
1693352595.923931,0cf00300,ff 00 0d ff ff ff ff ff
1693352595.924583,0cf00400,ff ff 81 c0 12 ff ff ff
1693352595.924809,0cfedf00,8e c0 12 ff ff ff ff ff
1693352595.925729,0cfee900,ff ff ff ff e2 71 00 00
1693352595.926021,0cfef600,1f 1c 47 ff ff ff ff ff
1693352596.227592,0cf00400,ff ff 83 c0 12 ff ff ff
1693352596.228241,0cfedf00,96 c0 12 ff ff ff ff ff
1693352596.531536,0cf00300,ff 00 1b ff ff ff ff ff
1693352596.532258,0cf00400,ff ff 84 c0 12 ff ff ff
1693352596.532815,0cfedf00,8c c0 12 ff ff ff ff ff
1693352596.533479,0cfee900,ff ff ff ff fa 71 00 00
1693352596.533968,0cfef200,00 00 ff ff ff ff ff ff
1693352596.534546,0cfef600,19 1d 45 ff ff ff ff ff
1693352596.838765,0cf00400,ff ff 82 c0 12 ff ff ff
1693352596.839063,0cfedf00,92 c0 12 ff ff ff ff ff
1693352597.143266,0cf00300,ff 00 0e ff ff ff ff ff
1693352597.143600,0cf00400,ff ff 83 c0 12 ff ff ff
1693352597.144171,0cfedf00,96 c0 12 ff ff ff ff ff
1693352597.144748,0cfee900,ff ff ff ff 12 72 00 00
1693352597.145346,0cfef600,1d 12 46 ff ff ff ff ff
1693352597.449541,0cf00400,ff ff 84 c0 12 ff ff ff
1693352597.449813,0cfedf00,92 c0 12 ff ff ff ff ff
1693352597.754327,0cf00300,ff 00 0e ff ff ff ff ff
1693352597.754483,0cf00400,ff ff 88 c0 12 ff ff ff
1693352597.755107,0cfedf00,91 c0 12 ff ff ff ff ff
1693352597.755666,0cfee900,ff ff ff ff 2a 72 00 00
1693352597.756237,0cfef200,00 00 ff ff ff ff ff ff
1693352597.756874,0cfef600,13 15 48 ff ff ff ff ff
1693352598.061018,0cf00400,ff ff 83 c0 12 ff ff ff
1693352598.061369,0cfedf00,91 c0 12 ff ff ff ff ff
1693352598.365585,0cf00300,ff 00 11 ff ff ff ff ff
1693352598.365997,0cf00400,ff ff 82 c0 12 ff ff ff
1693352598.366568,0cfedf00,96 c0 12 ff ff ff ff ff
1693352598.367113,0cfee900,ff ff ff ff 42 72 00 00
1693352598.367709,0cfeee00,25 84 00 28 ff ff ff ff
1693352598.368275,0cfeef00,16 ff ff 19 ff ff ff 84
1693352598.368841,0cfef600,12 1c 44 ff ff ff ff ff
1693352598.672999,0cf00400,ff ff 7e c0 12 ff ff ff
1693352598.673402,0cfedf00,96 c0 12 ff ff ff ff ff
1693352598.977426,0cf00300,ff 00 0a ff ff ff ff ff
1693352598.977899,0cf00400,ff ff 85 c0 12 ff ff ff
1693352598.978567,0cfedf00,91 c0 12 ff ff ff ff ff
1693352598.979068,0cfee900,ff ff ff ff 5a 72 00 00
1693352598.979640,0cfef200,00 00 ff ff ff ff ff ff
1693352598.980325,0cfef600,13 1d 4a ff ff ff ff ff
1693352599.284465,0cf00400,ff ff 7f c0 12 ff ff ff
1693352599.284745,0cfedf00,90 c0 12 ff ff ff ff ff
1693352599.588862,0cf00300,ff 00 12 ff ff ff ff ff
1693352599.589315,0cf00400,ff ff 85 c0 12 ff ff ff
1693352599.589756,0cfedf00,8c c0 12 ff ff ff ff ff
1693352599.590353,0cfee900,ff ff ff ff 72 72 00 00
1693352599.590919,0cfef600,16 1e 44 ff ff ff ff ff
1693352599.895151,0cf00400,ff ff 88 c0 12 ff ff ff
1693352599.895524,0cfedf00,90 c0 12 ff ff ff ff ff
1693352600.199627,0cf00300,ff 00 1e ff ff ff ff ff
1693352600.199959,0cf00400,ff ff 84 c0 12 ff ff ff
1693352600.200569,0cfedf00,8e c0 12 ff ff ff ff ff
1693352600.201355,0cfee900,ff ff ff ff 8a 72 00 00
1693352600.201777,0cfef200,00 00 ff ff ff ff ff ff
1693352600.202377,0cfef600,1f 14 44 ff ff ff ff ff
1693352600.506563,0cf00400,ff ff 88 c0 12 ff ff ff
1693352600.506904,0cfedf00,91 c0 12 ff ff ff ff ff
1693352600.810849,0cf00300,ff 00 0a ff ff ff ff ff
1693352600.811437,0cf00400,ff ff 84 c0 12 ff ff ff
1693352600.812020,0cfedf00,8c c0 12 ff ff ff ff ff
1693352600.812593,0cfee900,ff ff ff ff a2 72 00 00
1693352600.813344,0cfef600,20 1f 4a ff ff ff ff ff
1693352601.117256,0cf00400,ff ff 87 c0 12 ff ff ff
1693352601.117538,0cfedf00,92 c0 12 ff ff ff ff ff
1693352601.421930,0cf00300,ff 00 0c ff ff ff ff ff
1693352601.422415,0cf00400,ff ff 7e c0 12 ff ff ff
1693352601.423072,0cfedf00,8f c0 12 ff ff ff ff ff
1693352601.423671,0cfee900,ff ff ff ff ba 72 00 00
1693352601.424231,0cfeee00,4e 7e 40 28 ff ff ff ff
1693352601.424806,0cfeef00,1d ff ff 18 ff ff ff 8c
1693352601.425385,0cfef200,00 00 ff ff ff ff ff ff
1693352601.426058,0cfef500,d0 ff ff ff ff ff ff ff
1693352601.426882,0cfef600,20 18 47 ff ff ff ff ff
1693352601.731081,0cf00400,ff ff 82 c0 12 ff ff ff
1693352601.731540,0cfedf00,92 c0 12 ff ff ff ff ff
1693352602.035510,0cf00300,ff 00 13 ff ff ff ff ff
1693352602.036061,0cf00400,ff ff 86 c0 12 ff ff ff
1693352602.036641,0cfedf00,92 c0 12 ff ff ff ff ff
1693352602.037275,0cfee900,ff ff ff ff d2 72 00 00
1693352602.037802,0cfef600,17 1f 41 ff ff ff ff ff
1693352602.342141,0cf00400,ff ff 85 c0 12 ff ff ff
1693352602.342544,0cfedf00,92 c0 12 ff ff ff ff ff
1693352602.646951,0cf00300,ff 00 12 ff ff ff ff ff
1693352602.647563,0cf00400,ff ff 85 c0 12 ff ff ff
1693352602.648382,0cfedf00,8c c0 12 ff ff ff ff ff
1693352602.649562,0cfee900,ff ff ff ff ea 72 00 00
1693352602.650121,0cfef200,00 00 ff ff ff ff ff ff
1693352602.650954,0cfef600,13 19 42 ff ff ff ff ff
1693352602.955184,0cf00400,ff ff 83 c0 12 ff ff ff
1693352602.955591,0cfedf00,91 c0 12 ff ff ff ff ff
1693352603.259693,0cf00300,ff 00 1a ff ff ff ff ff
1693352603.260037,0cf00400,ff ff 87 c0 12 ff ff ff
1693352603.260628,0cfedf00,8f c0 12 ff ff ff ff ff
1693352603.261336,0cfee900,ff ff ff ff 02 73 00 00
1693352603.261765,0cfef600,15 1d 4b ff ff ff ff ff
1693352603.565973,0cf00400,ff ff 84 c0 12 ff ff ff
1693352603.566300,0cfedf00,93 c0 12 ff ff ff ff ff
1693352603.870563,0cf00300,ff 00 0c ff ff ff ff ff
1693352603.870815,0cf00400,ff ff 85 c0 12 ff ff ff
1693352603.871477,0cfedf00,92 c0 12 ff ff ff ff ff
1693352603.872046,0cfee900,ff ff ff ff 1a 73 00 00
1693352603.872610,0cfef200,00 00 ff ff ff ff ff ff
1693352603.873373,0cfef600,14 1a 41 ff ff ff ff ff
1693352604.177148,0cf00400,ff ff 80 c0 12 ff ff ff
1693352604.177499,0cfedf00,8d c0 12 ff ff ff ff ff
1693352604.481739,0cf00300,ff 00 16 ff ff ff ff ff
1693352604.482079,0cf00400,ff ff 85 c0 12 ff ff ff
1693352604.482788,0cfedf00,95 c0 12 ff ff ff ff ff
1693352604.483360,0cfee900,ff ff ff ff 32 73 00 00
1693352604.483932,0cfeee00,56 61 00 26 ff ff ff ff
1693352604.484594,0cfeef00,1d ff ff 1b ff ff ff 93
1693352604.485071,0cfef600,13 1b 44 ff ff ff ff ff
1693352604.789498,0cf00400,ff ff 7f c0 12 ff ff ff
1693352604.789825,0cfedf00,95 c0 12 ff ff ff ff ff
1693352605.094313,0cf00300,ff 00 1a ff ff ff ff ff
1693352605.094491,0cf00400,ff ff 81 c0 12 ff ff ff
1693352605.095121,0cfedf00,8e c0 12 ff ff ff ff ff
1693352605.095653,0cfee900,ff ff ff ff 4a 73 00 00
1693352605.096245,0cfef200,00 00 ff ff ff ff ff ff
1693352605.096863,0cfef600,1b 1d 43 ff ff ff ff ff
1693352605.401280,0cf00400,ff ff 84 c0 12 ff ff ff
1693352605.401779,0cfedf00,90 c0 12 ff ff ff ff ff
1693352605.705882,0cf00300,ff 00 17 ff ff ff ff ff
1693352605.706105,0cf00400,ff ff 85 c0 12 ff ff ff
1693352605.706724,0cfedf00,94 c0 12 ff ff ff ff ff
1693352605.707281,0cfee900,ff ff ff ff 62 73 00 00
1693352605.707952,0cfef600,19 18 46 ff ff ff ff ff
1693352606.012041,0cf00400,ff ff 82 c0 12 ff ff ff
1693352606.012675,0cfedf00,8d c0 12 ff ff ff ff ff
1693352606.316420,0cf00300,ff 00 12 ff ff ff ff ff
1693352606.317029,0cf00400,ff ff 87 c0 12 ff ff ff
1693352606.317607,0cfedf00,8f c0 12 ff ff ff ff ff
1693352606.318202,0cfee900,ff ff ff ff 7a 73 00 00
1693352606.318782,0cfef200,00 00 ff ff ff ff ff ff
1693352606.319362,0cfef600,19 18 46 ff ff ff ff ff
1693352606.623383,0cf00400,ff ff 87 c0 12 ff ff ff
1693352606.623617,0cfedf00,92 c0 12 ff ff ff ff ff
1693352606.927758,0cf00300,ff 00 0a ff ff ff ff ff
1693352606.928113,0cf00400,ff ff 7f c0 12 ff ff ff
1693352606.928679,0cfedf00,93 c0 12 ff ff ff ff ff
1693352606.929346,0cfee900,ff ff ff ff 92 73 00 00
1693352606.929836,0cfef600,12 1c 4b ff ff ff ff ff
1693352607.233665,0cf00400,ff ff 87 c0 12 ff ff ff
1693352607.234015,0cfedf00,93 c0 12 ff ff ff ff ff
1693352607.538033,0cf00300,ff 00 0c ff ff ff ff ff
1693352607.539038,0cf00400,ff ff 80 c0 12 ff ff ff
1693352607.539204,0cfedf00,95 c0 12 ff ff ff ff ff
1693352607.540145,0cfee900,ff ff ff ff aa 73 00 00
1693352607.540328,0cfeee00,41 6d 60 26 ff ff ff ff
1693352607.541284,0cfeef00,1a ff ff 1c ff ff ff 9b
1693352607.541490,0cfef200,00 00 ff ff ff ff ff ff
1693352607.542074,0cfef500,d0 ff ff ff ff ff ff ff
1693352607.542685,0cfef600,13 20 4b ff ff ff ff ff
1693352607.543367,0cfef700,ff ff ff ff 1c 02 ff ff
1693352607.847683,0cf00400,ff ff 82 c0 12 ff ff ff
1693352607.848029,0cfedf00,95 c0 12 ff ff ff ff ff
1693352608.152164,0cf00300,ff 00 0b ff ff ff ff ff
1693352608.152482,0cf00400,ff ff 84 c0 12 ff ff ff
1693352608.153063,0cfedf00,94 c0 12 ff ff ff ff ff
1693352608.153639,0cfee900,ff ff ff ff c2 73 00 00
1693352608.154216,0cfef600,1e 15 4a ff ff ff ff ff
1693352608.458068,0cf00400,ff ff 81 c0 12 ff ff ff
1693352608.458341,0cfedf00,94 c0 12 ff ff ff ff ff
1693352608.762700,0cf00300,ff 00 1c ff ff ff ff ff
1693352608.763042,0cf00400,ff ff 88 c0 12 ff ff ff
1693352608.763642,0cfedf00,8e c0 12 ff ff ff ff ff
1693352608.764186,0cfee900,ff ff ff ff da 73 00 00
1693352608.764765,0cfef200,00 00 ff ff ff ff ff ff
1693352608.765361,0cfef600,18 1b 42 ff ff ff ff ff
1693352609.068873,0cf00400,ff ff 88 c0 12 ff ff ff
1693352609.069056,0cfedf00,93 c0 12 ff ff ff ff ff
1693352609.373739,0cf00300,ff 00 0e ff ff ff ff ff
1693352609.374066,0cf00400,ff ff 88 c0 12 ff ff ff
1693352609.374659,0cfedf00,90 c0 12 ff ff ff ff ff
1693352609.375205,0cfee900,ff ff ff ff f2 73 00 00
1693352609.375789,0cfef600,18 18 45 ff ff ff ff ff
1693352609.679627,0cf00400,ff ff 86 c0 12 ff ff ff
1693352609.679877,0cfedf00,94 c0 12 ff ff ff ff ff
1693352609.984010,0cf00300,ff 00 13 ff ff ff ff ff
1693352609.984325,0cf00400,ff ff 7e c0 12 ff ff ff
1693352609.984885,0cfedf00,91 c0 12 ff ff ff ff ff
1693352609.985466,0cfee900,ff ff ff ff 0a 74 00 00
1693352609.986061,0cfef200,00 00 ff ff ff ff ff ff
1693352609.986671,0cfef600,1d 1f 43 ff ff ff ff ff
1693352610.290337,0cf00400,ff ff 81 c0 12 ff ff ff
1693352610.290885,0cfedf00,92 c0 12 ff ff ff ff ff
1693352610.595020,0cf00300,ff 00 16 ff ff ff ff ff
1693352610.595290,0cf00400,ff ff 86 c0 12 ff ff ff
1693352610.595894,0cfedf00,96 c0 12 ff ff ff ff ff
1693352610.596442,0cfee900,ff ff ff ff 22 74 00 00
1693352610.597013,0cfeee00,59 5f e0 27 ff ff ff ff
1693352610.597591,0cfeef00,1c ff ff 18 ff ff ff a2
1693352610.598176,0cfef600,1f 17 46 ff ff ff ff ff
1693352610.901567,0cf00400,ff ff 7e c0 12 ff ff ff
1693352610.902174,0cfedf00,8e c0 12 ff ff ff ff ff
1693352611.206633,0cf00300,ff 00 10 ff ff ff ff ff
1693352611.207186,0cf00400,ff ff 87 c0 12 ff ff ff
1693352611.207945,0cfedf00,8e c0 12 ff ff ff ff ff
1693352611.208700,0cfee900,ff ff ff ff 3a 74 00 00
1693352611.209368,0cfef200,00 00 ff ff ff ff ff ff
1693352611.210056,0cfef600,18 17 4a ff ff ff ff ff
1693352611.514422,0cf00400,ff ff 81 c0 12 ff ff ff
1693352611.514931,0cfedf00,8e c0 12 ff ff ff ff ff
1693352611.819055,0cf00300,ff 00 0c ff ff ff ff ff
1693352611.819378,0cf00400,ff ff 88 c0 12 ff ff ff
1693352611.819922,0cfedf00,8c c0 12 ff ff ff ff ff
1693352611.820490,0cfee900,ff ff ff ff 52 74 00 00
1693352611.821075,0cfef600,13 20 43 ff ff ff ff ff
1693352612.124431,0cf00400,ff ff 86 c0 12 ff ff ff
1693352612.124703,0cfedf00,92 c0 12 ff ff ff ff ff
1693352612.429504,0cf00300,ff 00 0e ff ff ff ff ff
1693352612.429779,0cf00400,ff ff 85 c0 12 ff ff ff
1693352612.430364,0cfedf00,8c c0 12 ff ff ff ff ff
1693352612.430931,0cfee900,ff ff ff ff 6a 74 00 00
1693352612.431506,0cfef200,00 00 ff ff ff ff ff ff
1693352612.432079,0cfef600,13 17 46 ff ff ff ff ff
1693352612.735374,0cf00400,ff ff 82 c0 12 ff ff ff
1693352612.735709,0cfedf00,8f c0 12 ff ff ff ff ff
1693352613.040020,0cf00300,ff 00 16 ff ff ff ff ff
1693352613.040256,0cf00400,ff ff 86 c0 12 ff ff ff
1693352613.040884,0cfedf00,92 c0 12 ff ff ff ff ff
1693352613.041465,0cfee900,ff ff ff ff 82 74 00 00
1693352613.042017,0cfef600,11 1c 4b ff ff ff ff ff
1693352613.345437,0cf00400,ff ff 88 c0 12 ff ff ff
1693352613.345713,0cfedf00,93 c0 12 ff ff ff ff ff
1693352613.649848,0cf00300,ff 00 0d ff ff ff ff ff
1693352613.650117,0cf00400,ff ff 88 c0 12 ff ff ff
1693352613.650739,0cfedf00,94 c0 12 ff ff ff ff ff
1693352613.651283,0cfee900,ff ff ff ff 9a 74 00 00
1693352613.651855,0cfeee00,31 75 e0 25 ff ff ff ff
1693352613.652429,0cfeef00,25 ff ff 1b ff ff ff aa
1693352613.653020,0cfef200,00 00 ff ff ff ff ff ff
1693352613.653601,0cfef500,d0 ff ff ff ff ff ff ff
1693352613.654194,0cfef600,15 1d 4a ff ff ff ff ff
1693352613.956805,0cf00400,ff ff 85 c0 12 ff ff ff
1693352613.957077,0cfedf00,8c c0 12 ff ff ff ff ff
1693352614.260997,0cf00300,ff 00 1c ff ff ff ff ff
1693352614.261323,0cf00400,ff ff 81 e8 12 ff ff ff
1693352614.261882,0cfedf00,92 e8 12 ff ff ff ff ff
1693352614.262458,0cfee900,ff ff ff ff b2 74 00 00
1693352614.263041,0cfef600,15 12 41 ff ff ff ff ff
1693352614.566179,0cf00400,ff ff 88 10 13 ff ff ff
1693352614.566737,0cfedf00,8f 10 13 ff ff ff ff ff
1693352614.870680,0cf00300,ff 00 10 ff ff ff ff ff
1693352614.870955,0cf00400,ff ff 85 38 13 ff ff ff
1693352614.871559,0cfedf00,92 38 13 ff ff ff ff ff
1693352614.872099,0cfee900,ff ff ff ff ca 74 00 00
1693352614.872744,0cfef200,00 00 ff ff ff ff ff ff
1693352614.873370,0cfef600,1f 18 42 ff ff ff ff ff
1693352615.176295,0cf00400,ff ff 86 60 13 ff ff ff
1693352615.176840,0cfedf00,8d 60 13 ff ff ff ff ff
1693352615.480681,0cf00300,ff 00 13 ff ff ff ff ff
1693352615.481040,0cf00400,ff ff 82 88 13 ff ff ff
1693352615.481647,0cfedf00,8c 88 13 ff ff ff ff ff
1693352615.482205,0cfee900,ff ff ff ff e2 74 00 00
1693352615.482773,0cfef600,13 1a 46 ff ff ff ff ff
1693352615.785983,0cf00400,ff ff 81 b0 13 ff ff ff
1693352615.786513,0cfedf00,8c b0 13 ff ff ff ff ff
1693352616.090533,0cf00300,ff 00 0d ff ff ff ff ff
1693352616.090804,0cf00400,ff ff 7f d8 13 ff ff ff
1693352616.091323,0cfedf00,93 d8 13 ff ff ff ff ff
1693352616.091861,0cfee900,ff ff ff ff fa 74 00 00
1693352616.092452,0cfef200,00 00 ff ff ff ff ff ff
1693352616.093029,0cfef600,13 1a 43 ff ff ff ff ff
1693352616.396083,0cf00400,ff ff 7f 00 14 ff ff ff
1693352616.396352,0cfedf00,95 00 14 ff ff ff ff ff
1693352616.700209,0cf00300,ff 00 17 ff ff ff ff ff
1693352616.700490,0cf00400,ff ff 83 28 14 ff ff ff
1693352616.701093,0cfedf00,8d 28 14 ff ff ff ff ff
1693352616.701658,0cfee900,ff ff ff ff 12 75 00 00
1693352616.702239,0cfeee00,1e 7a c0 26 ff ff ff ff
1693352616.702803,0cfeef00,24 ff ff 18 ff ff ff b1
1693352616.703376,0cfef600,20 15 48 ff ff ff ff ff
1693352617.006481,0cf00400,ff ff 83 50 14 ff ff ff
1693352617.006757,0cfedf00,8e 50 14 ff ff ff ff ff
1693352617.310313,0cf00300,ff 00 0f ff ff ff ff ff
1693352617.310855,0cf00400,ff ff 7e 78 14 ff ff ff
1693352617.311419,0cfedf00,8f 78 14 ff ff ff ff ff
1693352617.311995,0cfee900,ff ff ff ff 2a 75 00 00
1693352617.312567,0cfef200,00 00 ff ff ff ff ff ff
1693352617.313157,0cfef600,14 12 46 ff ff ff ff ff
1693352617.616136,0cf00400,ff ff 83 a0 14 ff ff ff
1693352617.616558,0cfedf00,94 a0 14 ff ff ff ff ff
1693352617.920524,0cf00300,ff 00 0b ff ff ff ff ff
1693352617.920781,0cf00400,ff ff 7f c8 14 ff ff ff
1693352617.921495,0cfedf00,8f c8 14 ff ff ff ff ff
1693352617.921945,0cfee900,ff ff ff ff 42 75 00 00
1693352617.922516,0cfef600,1a 1d 42 ff ff ff ff ff
1693352618.225995,0cf00400,ff ff 7f f0 14 ff ff ff
1693352618.226255,0cfedf00,8d f0 14 ff ff ff ff ff
1693352618.529837,0cf00300,ff 00 1a ff ff ff ff ff
1693352618.530369,0cf00400,ff ff 80 18 15 ff ff ff
1693352618.530939,0cfedf00,92 18 15 ff ff ff ff ff
1693352618.531529,0cfee900,ff ff ff ff 5a 75 00 00
1693352618.532109,0cfef200,00 00 ff ff ff ff ff ff
1693352618.532681,0cfef600,12 13 42 ff ff ff ff ff
1693352618.835787,0cf00400,ff ff 7f 40 15 ff ff ff
1693352618.836069,0cfedf00,90 40 15 ff ff ff ff ff
1693352619.140004,0cf00300,ff 00 15 ff ff ff ff ff
1693352619.140150,0cf00400,ff ff 7f 68 15 ff ff ff
1693352619.140814,0cfedf00,95 68 15 ff ff ff ff ff
1693352619.141316,0cfee900,ff ff ff ff 72 75 00 00
1693352619.141884,0cfef600,1e 1c 45 ff ff ff ff ff
1693352619.445143,0cf00400,ff ff 80 90 15 ff ff ff
1693352619.445457,0cfedf00,95 90 15 ff ff ff ff ff
1693352619.749186,0cf00300,ff 00 0c ff ff ff ff ff
1693352619.749797,0cf00400,ff ff 7f b8 15 ff ff ff
1693352619.750335,0cfedf00,8c b8 15 ff ff ff ff ff
1693352619.750868,0cfee900,ff ff ff ff 8a 75 00 00
1693352619.751436,0cfeee00,24 74 00 28 ff ff ff ff
1693352619.752034,0cfeef00,1c ff ff 1c ff ff ff b9
1693352619.752606,0cfef200,00 00 ff ff ff ff ff ff
1693352619.753376,0cfef500,d0 ff ff ff ff ff ff ff
1693352619.753802,0cfef600,1e 17 4a ff ff ff ff ff
1693352619.754339,0cfef700,ff ff ff ff 58 02 ff ff
1693352620.056681,0cf00400,ff ff 86 e0 15 ff ff ff
1693352620.057054,0cfedf00,92 e0 15 ff ff ff ff ff
1693352620.360992,0cf00300,ff 00 11 ff ff ff ff ff
1693352620.361273,0cf00400,ff ff 83 08 16 ff ff ff
1693352620.361861,0cfedf00,90 08 16 ff ff ff ff ff
1693352620.362421,0cfee900,ff ff ff ff a2 75 00 00
1693352620.363001,0cfef600,15 12 4b ff ff ff ff ff
1693352620.666426,0cf00400,ff ff 81 30 16 ff ff ff
1693352620.666686,0cfedf00,92 30 16 ff ff ff ff ff
1693352620.970530,0cf00300,ff 00 14 ff ff ff ff ff
1693352620.970856,0cf00400,ff ff 88 58 16 ff ff ff
1693352620.971403,0cfedf00,93 58 16 ff ff ff ff ff
1693352620.971971,0cfee900,ff ff ff ff ba 75 00 00
1693352620.972556,0cfef200,00 00 ff ff ff ff ff ff
1693352620.973132,0cfef600,14 16 45 ff ff ff ff ff
1693352621.276311,0cf00400,ff ff 82 80 16 ff ff ff
1693352621.276613,0cfedf00,92 80 16 ff ff ff ff ff
1693352621.580380,0cf00300,ff 00 14 ff ff ff ff ff
1693352621.580680,0cf00400,ff ff 84 a8 16 ff ff ff
1693352621.581358,0cfedf00,93 a8 16 ff ff ff ff ff
1693352621.581831,0cfee900,ff ff ff ff d2 75 00 00
1693352621.582413,0cfef600,15 15 44 ff ff ff ff ff
1693352621.885886,0cf00400,ff ff 80 d0 16 ff ff ff
1693352621.886165,0cfedf00,8c d0 16 ff ff ff ff ff
1693352622.189910,0cf00300,ff 00 18 ff ff ff ff ff
1693352622.190356,0cf00400,ff ff 88 f8 16 ff ff ff
1693352622.190918,0cfedf00,8e f8 16 ff ff ff ff ff
1693352622.191502,0cfee900,ff ff ff ff ea 75 00 00
1693352622.192098,0cfef200,00 00 ff ff ff ff ff ff
1693352622.192652,0cfef600,1e 12 46 ff ff ff ff ff
1693352622.495790,0cf00400,ff ff 7f 20 17 ff ff ff
1693352622.496057,0cfedf00,8d 20 17 ff ff ff ff ff
1693352622.799982,0cf00300,ff 00 0d ff ff ff ff ff
1693352622.800215,0cf00400,ff ff 82 48 17 ff ff ff
1693352622.800990,0cfedf00,8e 48 17 ff ff ff ff ff
1693352622.801467,0cfee900,ff ff ff ff 02 76 00 00
1693352622.801973,0cfeee00,55 66 20 27 ff ff ff ff
1693352622.802538,0cfeef00,1b ff ff 17 ff ff ff c0
1693352622.803114,0cfef600,19 14 42 ff ff ff ff ff
1693352623.106340,0cf00400,ff ff 87 70 17 ff ff ff
1693352623.106611,0cfedf00,8c 70 17 ff ff ff ff ff
1693352623.410345,0cf00300,ff 00 16 ff ff ff ff ff
1693352623.410608,0cf00400,ff ff 88 98 17 ff ff ff
1693352623.411217,0cfedf00,96 98 17 ff ff ff ff ff
1693352623.411761,0cfee900,ff ff ff ff 1a 76 00 00
1693352623.412349,0cfef200,00 00 ff ff ff ff ff ff
1693352623.412942,0cfef600,1a 19 48 ff ff ff ff ff
1693352623.716048,0cf00400,ff ff 7f c0 17 ff ff ff
1693352623.716357,0cfedf00,94 c0 17 ff ff ff ff ff
1693352624.020083,0cf00300,ff 00 18 ff ff ff ff ff
1693352624.020446,0cf00400,ff ff 87 e8 17 ff ff ff
1693352624.021002,0cfedf00,8d e8 17 ff ff ff ff ff
1693352624.021579,0cfee900,ff ff ff ff 32 76 00 00
1693352624.022174,0cfef600,13 20 48 ff ff ff ff ff
1693352624.325530,0cf00400,ff ff 86 10 18 ff ff ff
1693352624.325881,0cfedf00,90 10 18 ff ff ff ff ff
1693352624.629534,0cf00300,ff 00 0d ff ff ff ff ff
1693352624.629879,0cf00400,ff ff 7f 38 18 ff ff ff
1693352624.630396,0cfedf00,95 38 18 ff ff ff ff ff
1693352624.630971,0cfee900,ff ff ff ff 4a 76 00 00
1693352624.631558,0cfef200,00 00 ff ff ff ff ff ff
1693352624.632124,0cfef600,1d 1b 42 ff ff ff ff ff
1693352624.935274,0cf00400,ff ff 7e 60 18 ff ff ff
1693352624.935540,0cfedf00,96 60 18 ff ff ff ff ff
1693352625.239379,0cf00300,ff 00 1c ff ff ff ff ff
1693352625.239912,0cf00400,ff ff 81 88 18 ff ff ff
1693352625.240463,0cfedf00,94 88 18 ff ff ff ff ff
1693352625.241050,0cfee900,ff ff ff ff 62 76 00 00
1693352625.241628,0cfef600,15 1b 49 ff ff ff ff ff
1693352625.544616,0cf00400,ff ff 86 b0 18 ff ff ff
1693352625.545186,0cfedf00,8f b0 18 ff ff ff ff ff
1693352625.849009,0cf00300,ff 00 0b ff ff ff ff ff
1693352625.849290,0cf00400,ff ff 88 d8 18 ff ff ff
1693352625.849920,0cfedf00,8d d8 18 ff ff ff ff ff
1693352625.850430,0cfee900,ff ff ff ff 7a 76 00 00
1693352625.851015,0cfeee00,59 8a e0 27 ff ff ff ff
1693352625.851596,0cfeef00,21 ff ff 17 ff ff ff c8
1693352625.852175,0cfef200,00 00 ff ff ff ff ff ff
1693352625.852759,0cfef500,d0 ff ff ff ff ff ff ff
1693352625.853423,0cfef600,13 13 45 ff ff ff ff ff
1693352626.155733,0cf00400,ff ff 7e 00 19 ff ff ff
1693352626.156321,0cfedf00,8e 00 19 ff ff ff ff ff
1693352626.460078,0cf00300,ff 00 1c ff ff ff ff ff
1693352626.460330,0cf00400,ff ff 7f 28 19 ff ff ff
1693352626.460960,0cfedf00,8f 28 19 ff ff ff ff ff
1693352626.461502,0cfee900,ff ff ff ff 92 76 00 00
1693352626.462074,0cfef600,20 1a 44 ff ff ff ff ff
1693352626.765502,0cf00400,ff ff 83 50 19 ff ff ff
1693352626.765771,0cfedf00,95 50 19 ff ff ff ff ff
1693352627.069762,0cf00300,ff 00 14 ff ff ff ff ff
1693352627.070024,0cf00400,ff ff 84 78 19 ff ff ff
1693352627.070630,0cfedf00,91 78 19 ff ff ff ff ff
1693352627.071187,0cfee900,ff ff ff ff aa 76 00 00
1693352627.071772,0cfef200,00 00 ff ff ff ff ff ff
1693352627.072348,0cfef600,11 15 45 ff ff ff ff ff
1693352627.375451,0cf00400,ff ff 83 a0 19 ff ff ff
1693352627.375758,0cfedf00,94 a0 19 ff ff ff ff ff
1693352627.679567,0cf00300,ff 00 17 ff ff ff ff ff
1693352627.679935,0cf00400,ff ff 81 c8 19 ff ff ff
1693352627.680456,0cfedf00,8d c8 19 ff ff ff ff ff
1693352627.681026,0cfee900,ff ff ff ff c2 76 00 00
1693352627.681647,0cfef600,1e 17 4a ff ff ff ff ff
1693352627.984877,0cf00400,ff ff 83 f0 19 ff ff ff
1693352627.985184,0cfedf00,8f f0 19 ff ff ff ff ff
1693352628.288744,0cf00300,ff 00 0c ff ff ff ff ff
1693352628.289283,0cf00400,ff ff 7f 18 1a ff ff ff
1693352628.289947,0cfedf00,92 18 1a ff ff ff ff ff
1693352628.290435,0cfee900,ff ff ff ff da 76 00 00
1693352628.291049,0cfef200,00 00 ff ff ff ff ff ff
1693352628.291610,0cfef600,20 18 41 ff ff ff ff ff
1693352628.594638,0cf00400,ff ff 7e 40 1a ff ff ff
1693352628.595220,0cfedf00,93 40 1a ff ff ff ff ff
1693352628.899030,0cf00300,ff 00 15 ff ff ff ff ff
1693352628.899350,0cf00400,ff ff 87 68 1a ff ff ff
1693352628.899946,0cfedf00,8f 68 1a ff ff ff ff ff
1693352628.900551,0cfee900,ff ff ff ff f2 76 00 00
1693352628.901047,0cfeee00,59 73 60 26 ff ff ff ff
1693352628.901624,0cfeef00,25 ff ff 16 ff ff ff cf
1693352628.902202,0cfef600,19 18 44 ff ff ff ff ff
1693352629.205472,0cf00400,ff ff 80 90 1a ff ff ff
1693352629.205640,0cfedf00,94 90 1a ff ff ff ff ff
1693352629.509457,0cf00300,ff 00 1e ff ff ff ff ff
1693352629.509787,0cf00400,ff ff 88 b8 1a ff ff ff
1693352629.510311,0cfedf00,95 b8 1a ff ff ff ff ff
1693352629.510961,0cfee900,ff ff ff ff 0a 77 00 00
1693352629.511478,0cfef200,00 00 ff ff ff ff ff ff
1693352629.512047,0cfef600,12 14 48 ff ff ff ff ff
1693352629.815451,0cf00400,ff ff 86 e0 1a ff ff ff
1693352629.815731,0cfedf00,8c e0 1a ff ff ff ff ff
1693352630.119590,0cf00300,ff 00 1e ff ff ff ff ff
1693352630.119872,0cf00400,ff ff 81 08 1b ff ff ff
1693352630.120469,0cfedf00,94 08 1b ff ff ff ff ff
1693352630.121028,0cfee900,ff ff ff ff 22 77 00 00
1693352630.121639,0cfef600,1b 17 41 ff ff ff ff ff
1693352630.424991,0cf00400,ff ff 86 30 1b ff ff ff
1693352630.425254,0cfedf00,8f 30 1b ff ff ff ff ff
1693352630.729265,0cf00300,ff 00 0e ff ff ff ff ff
1693352630.729478,0cf00400,ff ff 85 58 1b ff ff ff
1693352630.730091,0cfedf00,8f 58 1b ff ff ff ff ff
1693352630.730641,0cfee900,ff ff ff ff 3a 77 00 00
1693352630.731226,0cfef200,00 00 ff ff ff ff ff ff
1693352630.731799,0cfef600,20 13 43 ff ff ff ff ff
1693352631.035099,0cf00400,ff ff 80 80 1b ff ff ff
1693352631.035342,0cfedf00,92 80 1b ff ff ff ff ff
1693352631.339040,0cf00300,ff 00 1a ff ff ff ff ff
1693352631.339573,0cf00400,ff ff 88 a8 1b ff ff ff
1693352631.340177,0cfedf00,8e a8 1b ff ff ff ff ff
1693352631.340731,0cfee900,ff ff ff ff 52 77 00 00
1693352631.341374,0cfef600,19 1e 42 ff ff ff ff ff
1693352631.644767,0cf00400,ff ff 7e d0 1b ff ff ff
1693352631.645084,0cfedf00,8f d0 1b ff ff ff ff ff
1693352631.949146,0cf00300,ff 00 18 ff ff ff ff ff
1693352631.949336,0cf00400,ff ff 86 f8 1b ff ff ff
1693352631.950017,0cfedf00,8d f8 1b ff ff ff ff ff
1693352631.950524,0cfee400,ff ff ff ff 01 ff ff ff
1693352631.951088,0cfee900,ff ff ff ff 6a 77 00 00
1693352631.951666,0cfeee00,27 84 c0 27 ff ff ff ff
1693352631.952271,0cfeef00,18 ff ff 18 ff ff ff d7
1693352631.952824,0cfef200,00 00 ff ff ff ff ff ff
1693352631.953413,0cfef500,d0 ff ff ff ff ff ff ff
1693352631.953964,0cfef600,15 12 49 ff ff ff ff ff
1693352631.954540,0cfef700,ff ff ff ff 80 02 ff ff
1693352632.257170,0cf00400,ff ff 84 20 1c ff ff ff
1693352632.257513,0cfedf00,8f 20 1c ff ff ff ff ff
1693352632.561501,0cf00300,ff 00 15 ff ff ff ff ff
1693352632.561769,0cf00400,ff ff 80 48 1c ff ff ff
1693352632.562375,0cfedf00,94 48 1c ff ff ff ff ff
1693352632.563006,0cfee900,ff ff ff ff 82 77 00 00
1693352632.563513,0cfef600,17 1c 4b ff ff ff ff ff
1693352632.867182,0cf00400,ff ff 81 70 1c ff ff ff
1693352632.867363,0cfedf00,94 70 1c ff ff ff ff ff
1693352633.171288,0cf00300,ff 00 12 ff ff ff ff ff
1693352633.171609,0cf00400,ff ff 84 98 1c ff ff ff
1693352633.172164,0cfedf00,8e 98 1c ff ff ff ff ff
1693352633.172743,0cfee900,ff ff ff ff 9a 77 00 00
1693352633.173367,0cfef200,00 00 ff ff ff ff ff ff
1693352633.173898,0cfef600,1d 1d 44 ff ff ff ff ff
1693352633.477398,0cf00400,ff ff 84 c0 1c ff ff ff
1693352633.477681,0cfedf00,94 c0 1c ff ff ff ff ff
1693352633.781497,0cf00300,ff 00 1c ff ff ff ff ff
1693352633.782059,0cf00400,ff ff 82 e8 1c ff ff ff
1693352633.782619,0cfedf00,91 e8 1c ff ff ff ff ff
1693352633.783189,0cfee900,ff ff ff ff b2 77 00 00
1693352633.783778,0cfef600,20 20 46 ff ff ff ff ff
1693352634.087355,0cf00400,ff ff 7e 10 1d ff ff ff
1693352634.087620,0cfedf00,91 10 1d ff ff ff ff ff
1693352634.391531,0cf00300,ff 00 1a ff ff ff ff ff
1693352634.391845,0cf00400,ff ff 86 38 1d ff ff ff
1693352634.392401,0cfedf00,90 38 1d ff ff ff ff ff
1693352634.393034,0cfee900,ff ff ff ff ca 77 00 00
1693352634.393593,0cfef200,00 00 ff ff ff ff ff ff
1693352634.394153,0cfef600,17 14 46 ff ff ff ff ff
1693352634.697467,0cf00400,ff ff 85 60 1d ff ff ff
1693352634.697848,0cfedf00,94 60 1d ff ff ff ff ff
1693352635.001675,0cf00300,ff 00 0d ff ff ff ff ff
1693352635.002226,0cf00400,ff ff 87 88 1d ff ff ff
1693352635.002811,0cfedf00,96 88 1d ff ff ff ff ff
1693352635.003386,0cfee900,ff ff ff ff e2 77 00 00
1693352635.003958,0cfeee00,3c 8c e0 26 ff ff ff ff
1693352635.004535,0cfeef00,1a ff ff 18 ff ff ff de
1693352635.005090,0cfef600,1a 16 42 ff ff ff ff ff
1693352635.308289,0cf00400,ff ff 83 b0 1d ff ff ff
1693352635.308741,0cfedf00,8d b0 1d ff ff ff ff ff
1693352635.612633,0cf00300,ff 00 1d ff ff ff ff ff
1693352635.612960,0cf00400,ff ff 7e d8 1d ff ff ff
1693352635.613495,0cfedf00,8d d8 1d ff ff ff ff ff
1693352635.614089,0cfee900,ff ff ff ff fa 77 00 00
1693352635.614663,0cfef200,00 00 ff ff ff ff ff ff
1693352635.615233,0cfef600,18 15 46 ff ff ff ff ff
